ig_media_id,username,timestamp,like_count,comments_count,caption,media_product_type,media_type,permalink,timestamp_retrieved
18292311892242669,dichenlachman,2025-01-17T18:25:04+0000,487,35,Season 2 of #Severance,REELS,VIDEO,https://www.instagram.com/reel/DE78j_ntYsz/,2025-01-18T15:16:31+0000
18123189799392463,dichenlachman,2024-12-08T07:13:31+0000,1499,42,"ğŸ‰
Severance Season 2 premieres January 17 on appletv apple.co/severance",REELS,VIDEO,https://www.instagram.com/reel/DDTvz_GNlXt/,2025-01-18T15:16:31+0000
17868204786228175,dichenlachman,2024-10-24T04:17:33+0000,1209,44,"ğŸš¨ğŸš¨ #Severance Season 2 lands on January 17! ğŸšªğŸ§  on AppleTV ğŸ“º
If you havenâ€™t watched Season 1, what are you even doing with your life? ğŸ¤¯
Seriously, donâ€™t even think about watching this trailer until youâ€™ve binged it! ğŸ™…â€â™‚ï¸ğŸ¿

#SeveranceSeason2 #MindBlown #WorkLifeBalanceGoneWrong #BingeWorthy #WhoNeedsSleep #WhatHappensAtLumon #InnieOrOutie #OfficeDramaOnSteroids",REELS,VIDEO,https://www.instagram.com/reel/DBfiYbZtI-f/,2025-01-18T15:16:31+0000
17950750331748611,dichenlachman,2024-10-21T18:46:15+0000,2057,58,Sheâ€™s backâ€¦. More #jurassicworld,REELS,VIDEO,https://www.instagram.com/reel/DBZY1oVNPQM/,2025-01-18T15:16:31+0000
18034213379077754,dichenlachman,2024-07-10T13:03:31+0000,2614,77,NA,REELS,VIDEO,https://www.instagram.com/reel/C9Pj7G-NKoe/,2025-01-18T15:16:31+0000
17888637276060011,dichenlachman,2024-07-05T20:11:06+0000,795,16,So much history. Such incredible people. What a treasure of a hotel â¤ï¸â¤ï¸â¤ï¸ #travel #italy #napoli palazzodorianapoli #hotellife #summer #girlstrip,REELS,VIDEO,https://www.instagram.com/reel/C9DbkcsNF1a/,2025-01-18T15:16:31+0000
18000104651370069,dichenlachman,2024-05-25T21:59:42+0000,1301,50,WHAT A DAY! SO GRATEFUL FOR YOU GANG. I HAD THE BEST TIME ğŸ™â¤ï¸,REELS,VIDEO,https://www.instagram.com/reel/C7aEvL-tYJW/,2025-01-18T15:16:31+0000
17970614057394421,dichenlachman,2023-06-20T14:18:33+0000,5972,125,None of my gym inspiration posted on the reel ğŸ¤¦â€â™€ï¸ reels is annoying ğŸ˜… Post #strengthtraining #gymmotivation the #sauna is the ğŸ¥•,REELS,VIDEO,https://www.instagram.com/reel/CttxpvUr064/,2025-01-18T15:16:31+0000
18009487558667082,dichenlachman,2023-06-13T12:18:04+0000,1202,40,I had such an amazing time #collaborating with pasareladeasfalto on this #photoshoot. The #kindestpeople so talented and professional #getyourcopy now if you live in #spain or #belgium ğŸ¤ thank you also to _rockmama_  and kimeze for lending me some #styleinspiration on this day at the #savoyhotel ğŸ¤ğŸ¤ğŸ¤ also #reels on #instagram has been a bit #glitchy so forgive any repeat photos. I ended up screen recording because it wouldnâ€™t process anything ğŸ¤·â€â™€ï¸ link to mag in bioğŸ¤,REELS,VIDEO,https://www.instagram.com/reel/Ctbhcewuka4/,2025-01-18T15:16:31+0000
17989099421051570,dichenlachman,2023-05-29T13:13:48+0000,4586,91,"â¤ï¸â¤ï¸â¤ï¸#Repost pasareladeasfalto with use.repost
ãƒ»ãƒ»ãƒ»
â—ESâ— Os presentamos la portada de nuestro nuevo nÃºmero de Pasarela de Asfalto, con la actriz Dichen Lachman como protagonista. Con esta increÃ­ble ediciÃ³n, os proponemos una lectura Ãºnica, fascinante e intrÃ©pida, cuyo leitmotiv transversal, es la bÃºsqueda de ""la eterna juventud y la vida eterna"". Esperamos que disfrutÃ©is del sabor de cada una de sus pÃ¡ginas y que os deleites con su interesante contenido. Â¡Ya podÃ©is adquirir el nuevo nÃºmero de Pasarela de Asfalto a travÃ©s de nuestra web, en quioscos y librerÃ­as seleccionadas!
(Enlace de compra en la Bio).
â—ENâ— We present you the cover of our new issue of Pasarela de Asfalto, with the actress Dichen Lachman as the protagonist. With this incredible edition, we propose you a unique, fascinating and intrepid reading, which transversal leitmotif is the search for ""eternal youth and eternal life"". We hope you enjoy the taste of each of its pages and that you delight its interesting content. You can now purchase the new issue of Pasarela de Asfalto through our website, in kiosks and selected bookstores!
(Purchase link in Bio). 
#DichenLachman #actress
#AnimalKingdom #AppleTV #JurassicWorld #Netflix
#pasareladeasfalto #revista #magazine #luxurylife 
#Neighbours #Dollhouse #TheGuild #BeingHuman
#ReileenKawahara #Supergirl #Severance #Chic
#lujo #luxury #cover #portada #AlteredCarbon 
#HotelSavoy #London #Londres 
â—ğŸ‘¸ En portada dichenlachman
â—âœ’ Editor-DirectorÂ pavonchisbert
â—ğŸ“¡ ComunicaciÃ³n pavongomez_joseantonio
â—ğŸ“LocalizaciÃ³n thesavoylondon
â—ğŸ“· FotografÃ­aÂ iamdanibravo
â— ğŸ¬ VÃ­deo pablomenendezdelbarrio
Special thanks to: Miss Mathilda Osinski, Mrs. Gina Hoffman, Mrs.Oren Segal, Mr. Kevin Carroll, Mr. Alex D' Arbost, The Savoy Hotel in London and to our dear ajmollerussa vestitspaper ğŸ™ğŸ»ğŸ™ğŸ»",FEED,IMAGE,https://www.instagram.com/p/Cs1A0-pu4ij/,2025-01-18T15:16:31+0000
17994317476916240,dichenlachman,2023-05-16T20:31:04+0000,1431,17,"#oliverpeoples â¤ï¸ğŸ•¶ï¸ğŸ˜
oliverpeoples I canâ€™t wait to see this movie!",FEED,VIDEO,https://www.instagram.com/tv/CsUUT0HrBhL/,2025-01-18T15:16:31+0000
17948580527419933,dichenlachman,2023-03-22T00:38:42+0000,6561,68,Iâ€™ve not been this excited for a long time maxrosinski in #tedlasso appletvplus #family #countdownbegins episode 2 #dontmissit âš½ï¸ #footballislife #believe,FEED,CAROUSEL_ALBUM,https://www.instagram.com/p/CqEkW9ZNQx9/,2025-01-18T15:16:31+0000
17992750426801493,dichenlachman,2023-03-07T15:42:19+0000,2239,49,NA,FEED,IMAGE,https://www.instagram.com/p/Cpfj2Hprl3b/,2025-01-18T15:16:31+0000
17945856050417958,dichenlachman,2023-02-27T16:24:44+0000,11953,128,Had an wonderful time last night celebrating amazing artists. So happy for #everythingeverywhereallatonce  many happy tears were shed. Very grateful #severance was acknowledged again ğŸ¤,FEED,IMAGE,https://www.instagram.com/p/CpLCV4_LSgj/,2025-01-18T15:16:31+0000
17956468775387419,dichenlachman,2023-02-25T15:35:46+0000,4900,55,Woke up at 1am nowhere else to go #jetlag cure #hotellife #strenghttraining thank you ashbaileytrainer Iâ€™ll be thinking of you when Iâ€™m sore tomorrow #nogymshoesnoproblem,FEED,IMAGE,https://www.instagram.com/p/CpFzJa6rpFi/,2025-01-18T15:16:31+0000
17881844243792333,dichenlachman,2023-01-16T16:04:30+0000,8248,128,#redcarpet #criticschoiceawards #severance appletvplus #aminamuaddi marialuciahohanofficial,FEED,IMAGE,https://www.instagram.com/p/Cne2o7zppzd/,2025-01-18T15:16:31+0000
18236222929150529,dichenlachman,2022-11-29T14:18:33+0000,4721,74,Masterfully made #morningcoat by joshuakanebespoke stunning work ğŸ’« thank you ğŸ™ #redcarpet #gothamawards2022,FEED,IMAGE,https://www.instagram.com/p/CljEW32rAlW/,2025-01-18T15:16:31+0000
17865934205768407,dichenlachman,2022-10-25T21:53:37+0000,14032,168,NA,FEED,IMAGE,https://www.instagram.com/p/CkJwnRqPBpb/,2025-01-18T15:16:31+0000
17948169149193695,dichenlachman,2022-09-23T15:40:43+0000,6610,81,To all the amazing people tagged for the beautiful work you did ğŸ™ link is in stories ğŸ’—,FEED,IMAGE,https://www.instagram.com/p/Ci2sgD8OWZ7/,2025-01-18T15:16:31+0000
18177177508244472,dichenlachman,2022-09-14T21:32:07+0000,3047,37,#severance brittle surefineokay â¤ï¸,FEED,IMAGE,https://www.instagram.com/p/CigJj6MNa2x/,2025-01-18T15:16:31+0000
17935780700274309,dichenlachman,2022-09-14T11:05:32+0000,10192,139,Had a Blast.  #emmyawards #severance aminamuaddi lilyetcie ysl,FEED,IMAGE,https://www.instagram.com/p/CifB2s4tTbG/,2025-01-18T15:16:31+0000
18000789553441851,dichenlachman,2022-08-04T22:31:02+0000,9656,131,Miss animalkingdomtnt kisskiss can you make my showreel ğŸ˜ƒ love this thank you! robboben_ happy times with you buddy ğŸ™ miss you guys #animalkingdomtnt,REELS,VIDEO,https://www.instagram.com/reel/Cg2rc6DDXGQ/,2025-01-18T15:16:31+0000
18058116592325134,dichenlachman,2022-07-24T12:33:07+0000,2517,26,Incredible weekend at #comiccon seeing the fan reaction to #severance & #severanceappletv #activation. So much talent! Congratulations to everyone at appletvplus the actors and contractors for creating the most incredible space for everyone to explore what itâ€™s like to work on the severed floor ğŸ‘,FEED,IMAGE,https://www.instagram.com/p/CgZSiqCu6sX/,2025-01-18T15:16:31+0000
17982221455521476,dichenlachman,2022-07-23T23:01:43+0000,7318,132,entertainmentweekly _rockmama_ ğŸ’ƒğŸ»gianvitorossi appletvplus #severance #comiccon,FEED,IMAGE,https://www.instagram.com/p/CgX1ryQPIUf/,2025-01-18T15:16:31+0000
17913378344573657,dichenlachman,2022-07-22T17:46:56+0000,4155,50,Check out The Severance Activation at the Hard Rock Hotel #comiccon appletvplus itâ€™s incredible! And thank you  _rockmama_  for the amazing outfit ğŸ˜,FEED,IMAGE,https://www.instagram.com/p/CgUs3YkplgE/,2025-01-18T15:16:31+0000
17967957100727296,dichenlachman,2022-07-10T21:22:14+0000,12338,141,"#sorrento â€¦thereâ€™s magic here ğŸ‡®ğŸ‡¹ high on the list of happy places. Loved exploring, but I could sit on this deck #alldayeveryday grandhotelambasciatorisorrento",FEED,IMAGE,https://www.instagram.com/p/Cf2L9zptm5I/,2025-01-18T15:16:33+0000
17963695729749743,dichenlachman,2022-07-09T21:30:32+0000,2382,24,Italy ğŸ‡®ğŸ‡¹,FEED,IMAGE,https://www.instagram.com/p/CfzoHrSN2jB/,2025-01-18T15:16:33+0000
17892369491642170,dichenlachman,2022-06-23T20:17:06+0000,4416,69,ğŸ¦– jurassicworld congratulations on being number one & thanks for the #shoutout,FEED,IMAGE,https://www.instagram.com/p/CfKS_4Eux62/,2025-01-18T15:16:33+0000
17860890761706963,dichenlachman,2022-06-14T02:37:35+0000,6580,53,ğŸ¤ scott_haze at #jurassicworlddominion ğŸ¤ iâ€™m so happy I get to share a card with you #friendsforever,FEED,IMAGE,https://www.instagram.com/p/CexOl3OKHnl/,2025-01-18T15:16:33+0000
17939380496013597,dichenlachman,2022-06-13T18:58:06+0000,1345,34,NA,REELS,VIDEO,https://www.instagram.com/reel/CewZ4D1DjVn/,2025-01-18T15:16:33+0000
17861052872746291,dichenlachman,2022-06-07T07:08:34+0000,5901,81,"Thank you Kevin Winter ğŸ™ 
#balenciaga #dolcegabbana 
#jurassicworlddominion",FEED,IMAGE,https://www.instagram.com/p/CefsCfbL9id/,2025-01-18T15:16:33+0000
17927956247246392,dichenlachman,2022-04-28T19:06:18+0000,1976,37,It all comes down to this. Watch the new trailer for #JurassicWorldDominion and get tickets now. ğŸ‰ğŸ‰ğŸ‰,FEED,VIDEO,https://www.instagram.com/tv/Cc55FvkjHZf/,2025-01-18T15:16:33+0000
17947088215814668,dichenlachman,2022-04-28T12:42:19+0000,2328,47,My own #lego character âœ… #jurassicworlddominion coming soon ğŸ¦–,FEED,IMAGE,https://www.instagram.com/p/Cc5Sb6ltOhf/,2025-01-18T15:16:33+0000
17964681598621452,dichenlachman,2022-04-28T12:34:11+0000,2002,42,Action figure âœ… #jurassicworlddominion,FEED,IMAGE,https://www.instagram.com/p/Cc5RgXeN9r_/,2025-01-18T15:16:33+0000
17969398105564285,dichenlachman,2022-04-14T19:58:50+0000,4628,29,Such a beautiful day with My darling friend camilledepazzis I love this city #iloveyou #girlsdayout #france #paris ğŸ‡«ğŸ‡·,FEED,IMAGE,https://www.instagram.com/p/CcWBQ3nti8-/,2025-01-18T15:16:33+0000
17934855107093850,dichenlachman,2022-04-10T22:44:45+0000,1102,41,mchernus â¤ï¸ #severance appletvplus I love this characterâ€¦ watch the show guys. You have no idea what youâ€™re missing and now you can #bingewatch it!,FEED,VIDEO,https://www.instagram.com/tv/CcMAL1DDaYL/,2025-01-18T15:16:33+0000
17925632969211625,dichenlachman,2022-04-06T20:37:17+0000,1099,33,Get ready to feel so many things. This is the most incredible collaboration of people on every level #severance appletvplus,FEED,VIDEO,https://www.instagram.com/tv/CcBfDBlj58H/,2025-01-18T15:16:33+0000
18172289281205772,dichenlachman,2022-04-06T16:10:53+0000,966,20,Get your outie ready for the season finale of #severance appletvplus ğŸ‰,FEED,VIDEO,https://www.instagram.com/tv/CcBAlUYj6AH/,2025-01-18T15:16:33+0000
17927319263075987,dichenlachman,2022-04-01T23:34:40+0000,1452,26,#severance on appletvplus â¤ï¸,FEED,VIDEO,https://www.instagram.com/tv/Cb06hR4jAy5/,2025-01-18T15:16:33+0000
17957762653647229,dichenlachman,2022-03-25T10:47:27+0000,1562,42,There is nothing better than this. appletvplus #severance new EP out now.,FEED,VIDEO,https://www.instagram.com/tv/Cbhh6DoDRId/,2025-01-18T15:16:33+0000
17906276078348577,dichenlachman,2022-03-11T19:59:29+0000,975,18,"Itâ€™s Friday ğŸ™ Lies are confronted head-on, while strange discoveries are uncovered - the fifth episode of #Severance is streaming on appletvplus.",FEED,VIDEO,https://www.instagram.com/tv/Ca-d5yBDlbO/,2025-01-18T15:16:33+0000
17920029725136010,dichenlachman,2022-03-03T21:53:03+0000,885,22,So good! ğŸ˜ tomorrow is Friday!!! ğŸ‰,FEED,VIDEO,https://www.instagram.com/tv/CaqEt_QDqhG/,2025-01-18T15:16:33+0000
18284631913000629,dichenlachman,2022-02-26T11:28:11+0000,944,13,Perfect weekend to catch up on #severance ğŸ˜,FEED,VIDEO,https://www.instagram.com/tv/CacFCraj230/,2025-01-18T15:16:33+0000
18229286353098666,dichenlachman,2022-02-20T16:44:19+0000,2024,28,â¤ï¸â¤ï¸â¤ï¸,FEED,IMAGE,https://www.instagram.com/p/CaNM3yqNjj0/,2025-01-18T15:16:33+0000
17940815785758269,dichenlachman,2022-02-20T16:42:11+0000,4052,54,Thank you maxrosinski â¤ï¸ ğŸ’« #besthusbandever damienbodie aamymacdonald for coming all the way from Australia!,FEED,IMAGE,https://www.instagram.com/p/CaNMoH5NQB0/,2025-01-18T15:16:33+0000
17930929778060092,dichenlachman,2022-02-18T23:23:14+0000,3445,97,"#Severance first two episodes available NOW on appletvplus â¤ï¸ would love you guys to tune in and go on this journey, I promise you wonâ€™t be disappointed. Itâ€™s right up your alley! Iâ€™m so grateful that I get to keep playing in this space. So fortunate to work with such incredible people.",FEED,VIDEO,https://www.instagram.com/tv/CaIvQ6Qj1lJ/,2025-01-18T15:16:33+0000
17959300315605774,dichenlachman,2022-02-10T14:51:34+0000,2087,59,ğŸ¿,FEED,VIDEO,https://www.instagram.com/tv/CZzPHvyD4YP/,2025-01-18T15:16:33+0000
17951953246626998,dichenlachman,2022-01-18T16:10:56+0000,1913,42,NEW official Trailer ğŸ’« Lumon is reinventing the work/life balance. #Severance premieres February 18 on appletvplus Iâ€™m so excited for you to see this show! And very grateful to be a part of it.,FEED,VIDEO,https://www.instagram.com/tv/CY4I_AxKnsV/,2025-01-18T15:16:33+0000
18213300904129930,dichenlachman,2021-12-16T14:41:14+0000,1215,19,Welcome to Lumon. #Severance premieres on appletv February 18,FEED,VIDEO,https://www.instagram.com/tv/CXjB6Kkj-Pl/,2025-01-18T15:16:33+0000
17907499754263009,dichenlachman,2021-11-23T19:47:26+0000,3529,32,They're in our world now. #JurassicWorld #JurassicWorldPrologue #JurassicWorldDominion,FEED,IMAGE,https://www.instagram.com/p/CWoXFEFtSiD/,2025-01-18T15:16:33+0000
17887533383182680,dichenlachman,2021-06-22T11:21:45+0000,4974,48,ğŸ¦–ğŸ¦•,FEED,VIDEO,https://www.instagram.com/p/CQa6pmzDG0Y/,2025-01-18T15:16:35+0000
18152431312198488,dichenlachman,2021-06-10T03:27:05+0000,5361,65,So excited ğŸ¦•ğŸ¦– jurassicworld,FEED,IMAGE,https://www.instagram.com/p/CP7K7kztfcz/,2025-01-18T15:16:35+0000
18085660204266817,dichenlachman,2021-05-25T17:41:08+0000,2038,25,Get ready for animalkingdomtnt ğŸ’¥,FEED,VIDEO,https://www.instagram.com/p/CPTftBCDE7J/,2025-01-18T15:16:35+0000
17907106711704480,dichenlachman,2021-03-12T18:04:52+0000,15987,137,"Taken with #disposablecamera by
tina_turnbow the.baremag ğŸ™ #lovefilm",FEED,IMAGE,https://www.instagram.com/p/CMU_14Pg-h8/,2025-01-18T15:16:35+0000
17913287911617199,dichenlachman,2021-03-07T02:26:20+0000,2781,26,My daughter and I watched it twice today. We cried we laughed and we cried some more. Inspiring disneyraya disneyplus disneyanimation ğŸ™ thank you.,FEED,VIDEO,https://www.instagram.com/p/CMGcGH0A-ZN/,2025-01-18T15:16:35+0000
17857692596424319,dichenlachman,2021-02-11T21:14:59+0000,12556,94,thank you the.baremag for the lovely experience of working with you and your team ğŸ™ link in stories ğŸ’—âœ¨,FEED,IMAGE,https://www.instagram.com/p/CLKqi_zAA-E/,2025-01-18T15:16:35+0000
17860882553362142,dichenlachman,2021-02-09T15:41:54+0000,2816,36,ğŸ‰ğŸ‰ğŸ‰ Excited to be a part of this beautiful film ğŸ’• DisneyAnimation  DisneyRaya DisneyAnimation  DisneyRaya âœ¨See Disneyâ€™s Raya and the Last Dragon in theaters or order it on Disney+ with Premier Access on March 5. Get your tickets or order early now! Learn more: http://disney.com/raya #DisneyRaya ğŸ™,FEED,VIDEO,https://www.instagram.com/p/CLE6QPXg55r/,2025-01-18T15:16:35+0000
17892752317696920,dichenlachman,2020-11-10T23:39:33+0000,8697,54,"Congratulations jurassicworld crew and cast ğŸ’• thank you for everything ğŸ™ 

*Our meditation during isolation ğŸŒ¸",FEED,IMAGE,https://www.instagram.com/p/CHbdKY7A-6l/,2025-01-18T15:16:35+0000
17844350534417024,dichenlachman,2020-10-07T04:07:42+0000,13582,259,â¤ï¸ğŸ¦–ğŸ™âœ¨,FEED,IMAGE,https://www.instagram.com/p/CGB0By4ACop/,2025-01-18T15:16:35+0000
18070713124238446,dichenlachman,2020-09-18T12:42:54+0000,22199,322,NA,FEED,IMAGE,https://www.instagram.com/p/CFRz4oLAef5/,2025-01-18T15:16:35+0000
17897555683482580,dichenlachman,2020-05-11T06:07:12+0000,17475,177,"lackÂ·aÂ·daiÂ·siÂ·cal
/ËŒlakÉ™ËˆdÄzÉ™k(É™)l/
lacking enthusiasm, carelessly lazy. Happy Motherâ€™s Day â¤ï¸",FEED,IMAGE,https://www.instagram.com/p/CACXQqlgcMT/,2025-01-18T15:16:35+0000
18020377684265823,dichenlachman,2020-03-11T16:04:32+0000,1918,15,misterkarate made this! Listen relax enjoy http://www.jedwhedon.com or iTunes Spotify ... the guy is so talented itâ€™s not fair. You also might hear the beautiful motancharoen maxrosinski and other voices you recognize. #agentsofshield,FEED,VIDEO,https://www.instagram.com/p/B9mWfYOgnPn/,2025-01-18T15:16:35+0000
17857374910795809,dichenlachman,2020-03-10T16:51:04+0000,9390,171,Hereâ€™s to #alteredcarbon being number one again âš”ï¸ check out the new season if you havenâ€™t seen it already! #moviemeter,FEED,VIDEO,https://www.instagram.com/p/B9j221sgBdD/,2025-01-18T15:16:35+0000
17863954585719561,dichenlachman,2020-02-29T23:40:44+0000,9614,100,Catch up if you can altcarb,FEED,IMAGE,https://www.instagram.com/p/B9K2l-hA5kG/,2025-01-18T15:16:35+0000
18079061911175075,dichenlachman,2020-02-29T23:37:44+0000,5848,83,altcarb emjaybassett #alteredcarbon,FEED,VIDEO,https://www.instagram.com/p/B9K2KlDA0wu/,2025-01-18T15:16:35+0000
17862832384722317,dichenlachman,2020-02-28T22:17:28+0000,10612,68,â¤ï¸ emjaybassett altcarb,FEED,IMAGE,https://www.instagram.com/p/B9IIRO9AMw2/,2025-01-18T15:16:35+0000
17906685991420573,dichenlachman,2020-02-27T16:12:37+0000,2912,45,NA,FEED,VIDEO,https://www.instagram.com/p/B9E5iqCA7a8/,2025-01-18T15:16:35+0000
18129845461017131,dichenlachman,2020-02-26T07:13:06+0000,4445,99,Get ready,FEED,VIDEO,https://www.instagram.com/p/B9BW9fAAZ-T/,2025-01-18T15:16:35+0000
17930419741359810,dichenlachman,2020-02-25T20:56:14+0000,9775,187,"Iâ€™m beyond excited to be a part of this amazing film. I remember seeing the first one with my parents so vividly, we had never seen anything like it. And I got to experience it all over again when it captured my daughterâ€™s imagination. Sheâ€™s only four and has seen all of them. Thank you colin.trevorrow ğŸ™ğŸ¼ #jurassicworld jurassicworld",FEED,IMAGE,https://www.instagram.com/p/B9AQllIgIki/,2025-01-18T15:16:35+0000
18101992543014145,dichenlachman,2019-09-13T06:53:32+0000,11215,140,palmspringslifemagazine,FEED,IMAGE,https://www.instagram.com/p/B2V4_EVgCJe/,2025-01-18T15:16:35+0000
17851894765562357,dichenlachman,2019-09-11T06:59:53+0000,11492,99,NA,FEED,IMAGE,https://www.instagram.com/p/B2QwH5lguFn/,2025-01-18T15:16:35+0000
18024714505221324,dichenlachman,2019-09-02T15:36:53+0000,5793,61,imagista rierasmussen â¤ï¸,FEED,IMAGE,https://www.instagram.com/p/B16gIpVAzLn/,2025-01-18T15:16:35+0000
18095287954043553,dichenlachman,2019-08-31T05:08:29+0000,9287,89,"There are seeds in my watermelon ğŸ‰ 
#pooltime #summertime",FEED,IMAGE,https://www.instagram.com/p/B10OoXVghxo/,2025-01-18T15:16:35+0000
17947515001289857,dichenlachman,2019-07-15T21:42:57+0000,10405,70,NA,FEED,IMAGE,https://www.instagram.com/p/Bz8_E5mgZme/,2025-01-18T15:16:35+0000
18049087204143289,dichenlachman,2019-06-24T15:06:15+0000,3891,37,NA,FEED,VIDEO,https://www.instagram.com/p/BzGM7_bAltr/,2025-01-18T15:16:35+0000
17849500135469514,dichenlachman,2019-06-23T15:41:19+0000,5255,39,fredrikbrodenphotography palmspringslifemagazine amylustyle cactusandfog,FEED,IMAGE,https://www.instagram.com/p/BzDsM-ZAsDo/,2025-01-18T15:16:38+0000
18041440117150893,dichenlachman,2019-06-14T16:45:36+0000,5802,80,#alteredcarbon season 1,FEED,VIDEO,https://www.instagram.com/p/BysnoD2gd_l/,2025-01-18T15:16:38+0000
17975966743251211,dichenlachman,2019-05-31T13:58:00+0000,7234,67,"Catch up if you missed animalkingdomtnt 
animalkingdomscene robboben_",FEED,IMAGE,https://www.instagram.com/p/ByISGMfA-6G/,2025-01-18T15:16:38+0000
17983959961206850,dichenlachman,2019-03-19T17:15:40+0000,8486,64,"rierasmussen imagista creightonbowman
#photoshoot #california #fashion",FEED,IMAGE,https://www.instagram.com/p/BvMqr_-A6wN/,2025-01-18T15:16:38+0000
17894600281285706,dichenlachman,2018-12-28T04:18:20+0000,2706,40,#tbt #behindthescenes 2018 #fashionissue palmspringslifemagazine it takes a village... cactusandfog amylustyle fredrikbroden1963 chewchewtrain psartmuseum,FEED,VIDEO,https://www.instagram.com/p/Br6shPug0b8/,2025-01-18T15:16:38+0000
17946749146214330,dichenlachman,2018-12-10T05:20:39+0000,11727,115,NA,FEED,IMAGE,https://www.instagram.com/p/BrMeKe8gHK0/,2025-01-18T15:16:38+0000
17993924749036783,dichenlachman,2018-10-30T22:38:47+0000,5007,35,imagista rierasmussen creightonbowman,FEED,IMAGE,https://www.instagram.com/p/BpkwYJSgb_o/,2025-01-18T15:16:38+0000
17860313251288819,dichenlachman,2018-10-20T23:04:40+0000,9388,60,rierasmussen #artist,FEED,IMAGE,https://www.instagram.com/p/BpLDY8aAjHx/,2025-01-18T15:16:38+0000
17991567094035004,dichenlachman,2018-10-19T20:21:58+0000,16802,155,"Thank you imagista for the lovely photos and taking the time to talk to me ğŸ™ğŸ¼
creightonbowman  rierasmussen ashleydonovan christinajpacelli 
#hair #photography",FEED,IMAGE,https://www.instagram.com/p/BpIL-aigwXz/,2025-01-18T15:16:38+0000
17972325202118267,dichenlachman,2018-10-09T22:09:15+0000,3772,38,NA,FEED,IMAGE,https://www.instagram.com/p/BouoTbOgZ7s/,2025-01-18T15:16:38+0000
17898778597246071,dichenlachman,2018-09-04T17:07:37+0000,4988,44,"Thank you modernluxurysd ğŸ™ğŸ¼ markgriffinchampion #photographer
bowmanmakeup",FEED,IMAGE,https://www.instagram.com/p/BnT99iuFouy/,2025-01-18T15:16:38+0000
17867112934278147,dichenlachman,2018-08-29T05:36:50+0000,7159,42,Girl with the #Dragontattoo ... on her face... #dragoncon2018 excited for my first time ğŸ™ğŸ¼,FEED,IMAGE,https://www.instagram.com/p/BnDSIzqlMBP/,2025-01-18T15:16:38+0000
17958554179097007,dichenlachman,2018-08-24T05:06:55+0000,9547,110,â¤ï¸ willyunlee #alteredcarbon #netflix,FEED,IMAGE,https://www.instagram.com/p/Bm2WvVtlZhY/,2025-01-18T15:16:38+0000
17951711827092001,dichenlachman,2018-08-23T05:42:57+0000,3965,18,"bellomag artgphoto creightonbowman official_lukatonic heatherroseharris bellomediagroup alekandsteph maisonpriveepr_la vision.pr 
#photoshoot #editorial",FEED,IMAGE,https://www.instagram.com/p/Bmz2EXcFSHo/,2025-01-18T15:16:38+0000
17945203561140067,dichenlachman,2018-08-18T21:24:12+0000,15129,438,I love it in #Italian even more! I wish I knew who these #dubbingartist were nice work ğŸ™ğŸ¼ #the100 elizajaneface,FEED,VIDEO,https://www.instagram.com/p/BmopliwlbYn/,2025-01-18T15:16:38+0000
17897547916228446,dichenlachman,2018-08-16T18:29:20+0000,10468,88,#tbt to thewrap ğŸ™ğŸ¼,FEED,IMAGE,https://www.instagram.com/p/BmjMNYUF4v8/,2025-01-18T15:16:38+0000
17903409865205007,dichenlachman,2018-07-27T04:49:37+0000,4787,27,#tbt to palmspringslifemagazine #behindtbescenes amylustyle cactusandfog shooting in an art installation... brilliant.,FEED,IMAGE,https://www.instagram.com/p/BluOgLxFQtj/,2025-01-18T15:16:38+0000
17933541604146227,dichenlachman,2018-07-19T01:17:25+0000,2096,16,"toolatemovie five cuts five takes five years ğŸ¥ shot on #film 
#netflix & #itunes
brettsan vailbloom dizmihok",FEED,VIDEO,https://www.instagram.com/p/BlZPYmEnVAl/,2025-01-18T15:16:38+0000
17935455766138300,dichenlachman,2018-07-17T18:46:47+0000,2876,33,robboben_ (sorry stole your photo) & denisleary on #animalkingdom tonight #threeamigos ğŸŒğŸŒğŸŒ #tnt USA #netflix Australia,FEED,IMAGE,https://www.instagram.com/p/BlV-W_klg-P/,2025-01-18T15:16:38+0000
17843811100301110,dichenlachman,2018-07-13T22:16:04+0000,5217,114,Iâ€™m so excited & happy #alteredcarbon got two #emmynominations !,FEED,VIDEO,https://www.instagram.com/p/BlMA8qCFpp1/,2025-01-18T15:16:38+0000
17963490466018478,dichenlachman,2018-06-26T15:59:25+0000,10794,86,#future #readytowear might get a little breezy... pleasantly windy... fresh... brisk,FEED,IMAGE,https://www.instagram.com/p/Bkfmg1jFruT/,2025-01-18T15:16:38+0000
17894352655211779,dichenlachman,2018-06-22T04:13:43+0000,2927,38,"bgirlpeppa
#netflixoriginal altcarb skydance 87elevenaction #netflix",FEED,VIDEO,https://www.instagram.com/p/BkUCL0Yl_0P/,2025-01-18T15:16:38+0000
17877647047236932,dichenlachman,2018-06-07T04:50:32+0000,7600,73,"Spent the day #cleaning & #working... done up like this ğŸ˜‚ #notreally 
#tbt in #advance #timetogotobed #oncameraflash ğŸ“¸ then #filter markgriffinchampion #photographer  bowmanmakeup jeffjohncolorist #lashesarereal #diorshow 
#alteredcarbon",FEED,IMAGE,https://www.instagram.com/p/Bjte3FLlGWC/,2025-01-18T15:16:38+0000
17948658748032275,dichenlachman,2018-05-26T05:09:09+0000,4222,59,"Should we decide for others.... #immortality 
#alteredcarbon #netflix altcarb #bingewatch",FEED,VIDEO,https://www.instagram.com/p/BjOmeWhlY1t/,2025-01-18T15:16:38+0000
17928488212090570,dichenlachman,2018-05-25T18:07:57+0000,4358,142,#spoiler â—ï¸ #alteredcarbon #bingewatch #stunning #dark #beautiful #netflix skydance altcarb,FEED,VIDEO,https://www.instagram.com/p/BjNafPqlX6H/,2025-01-18T15:16:38+0000
